     1.001035108|143171||arm_cmn_0/watchpoint_up,bynodeid=1,nodeid=0x8,wp_dev_sel=0x0,wp_chn_sel=0x3,wp_grp=0,wp_val=0,wp_mask=0xffffffffffffffff/|489613080|48.89||
     1.001035108|145453||arm_cmn_0/watchpoint_up,bynodeid=1,nodeid=0x10,wp_dev_sel=0x0,wp_chn_sel=0x3,wp_grp=0,wp_val=0,wp_mask=0xffffffffffffffff/|489598560|48.89||
     1.001035108|126548||arm_cmn_0/watchpoint_up,bynodeid=1,nodeid=0x18,wp_dev_sel=0x0,wp_chn_sel=0x3,wp_grp=0,wp_val=0,wp_mask=0xffffffffffffffff/|491704520|49.10||
     1.001035108|125651||arm_cmn_0/watchpoint_up,bynodeid=1,nodeid=0x20,wp_dev_sel=0x0,wp_chn_sel=0x3,wp_grp=0,wp_val=0,wp_mask=0xffffffffffffffff/|495705000|49.50||
     1.001035108|130811||arm_cmn_0/watchpoint_up,bynodeid=1,nodeid=0x1c8,wp_dev_sel=0x0,wp_chn_sel=0x3,wp_grp=0,wp_val=0,wp_mask=0xffffffffffffffff/|499702960|49.89||
     1.001035108|131118||arm_cmn_0/watchpoint_up,bynodeid=1,nodeid=0x1d0,wp_dev_sel=0x0,wp_chn_sel=0x3,wp_grp=0,wp_val=0,wp_mask=0xffffffffffffffff/|503696200|50.29||
     1.001035108|124832||arm_cmn_0/watchpoint_up,bynodeid=1,nodeid=0x1d8,wp_dev_sel=0x0,wp_chn_sel=0x3,wp_grp=0,wp_val=0,wp_mask=0xffffffffffffffff/|507687000|50.69||
     1.001035108|120886||arm_cmn_0/watchpoint_up,bynodeid=1,nodeid=0x1e0,wp_dev_sel=0x0,wp_chn_sel=0x3,wp_grp=0,wp_val=0,wp_mask=0xffffffffffffffff/|511682600|51.09||
     1.001035108|71405||arm_cmn_0/watchpoint_down,bynodeid=1,nodeid=0x8,wp_dev_sel=0x0,wp_chn_sel=0x3,wp_grp=0,wp_val=0,wp_mask=0xffffffffffffffff/|511909520|51.11||
     1.001035108|71804||arm_cmn_0/watchpoint_down,bynodeid=1,nodeid=0x10,wp_dev_sel=0x0,wp_chn_sel=0x3,wp_grp=0,wp_val=0,wp_mask=0xffffffffffffffff/|511920560|51.12||
     1.001035108|74113||arm_cmn_0/watchpoint_down,bynodeid=1,nodeid=0x18,wp_dev_sel=0x0,wp_chn_sel=0x3,wp_grp=0,wp_val=0,wp_mask=0xffffffffffffffff/|509832080|50.91||
     1.001035108|75458||arm_cmn_0/watchpoint_down,bynodeid=1,nodeid=0x20,wp_dev_sel=0x0,wp_chn_sel=0x3,wp_grp=0,wp_val=0,wp_mask=0xffffffffffffffff/|505829600|50.51||
     1.001035108|72209||arm_cmn_0/watchpoint_down,bynodeid=1,nodeid=0x1c8,wp_dev_sel=0x0,wp_chn_sel=0x3,wp_grp=0,wp_val=0,wp_mask=0xffffffffffffffff/|501832320|50.11||
     1.001035108|69387||arm_cmn_0/watchpoint_down,bynodeid=1,nodeid=0x1d0,wp_dev_sel=0x0,wp_chn_sel=0x3,wp_grp=0,wp_val=0,wp_mask=0xffffffffffffffff/|497836160|49.71||
     1.001035108|68877||arm_cmn_0/watchpoint_down,bynodeid=1,nodeid=0x1d8,wp_dev_sel=0x0,wp_chn_sel=0x3,wp_grp=0,wp_val=0,wp_mask=0xffffffffffffffff/|493842760|49.31||
     1.001035108|67221||arm_cmn_0/watchpoint_down,bynodeid=1,nodeid=0x1e0,wp_dev_sel=0x0,wp_chn_sel=0x3,wp_grp=0,wp_val=0,wp_mask=0xffffffffffffffff/|489844160|48.91||
     1.001035108|8204||arm_cmn_1/watchpoint_up,bynodeid=1,nodeid=0x8,wp_dev_sel=0x0,wp_chn_sel=0x3,wp_grp=0,wp_val=0,wp_mask=0xffffffffffffffff/|489345240|48.87||
     1.001035108|7816||arm_cmn_1/watchpoint_up,bynodeid=1,nodeid=0x10,wp_dev_sel=0x0,wp_chn_sel=0x3,wp_grp=0,wp_val=0,wp_mask=0xffffffffffffffff/|489329760|48.87||
     1.001035108|6760||arm_cmn_1/watchpoint_up,bynodeid=1,nodeid=0x18,wp_dev_sel=0x0,wp_chn_sel=0x3,wp_grp=0,wp_val=0,wp_mask=0xffffffffffffffff/|491409920|49.08||
     1.001035108|6402||arm_cmn_1/watchpoint_up,bynodeid=1,nodeid=0x20,wp_dev_sel=0x0,wp_chn_sel=0x3,wp_grp=0,wp_val=0,wp_mask=0xffffffffffffffff/|495402040|49.48||
     1.001035108|11600||arm_cmn_1/watchpoint_up,bynodeid=1,nodeid=0x1c8,wp_dev_sel=0x0,wp_chn_sel=0x3,wp_grp=0,wp_val=0,wp_mask=0xffffffffffffffff/|499390480|49.88||
     1.001035108|12598||arm_cmn_1/watchpoint_up,bynodeid=1,nodeid=0x1d0,wp_dev_sel=0x0,wp_chn_sel=0x3,wp_grp=0,wp_val=0,wp_mask=0xffffffffffffffff/|503371480|50.28||
     1.001035108|10360||arm_cmn_1/watchpoint_up,bynodeid=1,nodeid=0x1d8,wp_dev_sel=0x0,wp_chn_sel=0x3,wp_grp=0,wp_val=0,wp_mask=0xffffffffffffffff/|507347360|50.67||
     1.001035108|8141||arm_cmn_1/watchpoint_up,bynodeid=1,nodeid=0x1e0,wp_dev_sel=0x0,wp_chn_sel=0x3,wp_grp=0,wp_val=0,wp_mask=0xffffffffffffffff/|511327800|51.07||
     1.001035108|34362||arm_cmn_1/watchpoint_down,bynodeid=1,nodeid=0x8,wp_dev_sel=0x0,wp_chn_sel=0x3,wp_grp=0,wp_val=0,wp_mask=0xffffffffffffffff/|511908520|51.13||
     1.001035108|32303||arm_cmn_1/watchpoint_down,bynodeid=1,nodeid=0x10,wp_dev_sel=0x0,wp_chn_sel=0x3,wp_grp=0,wp_val=0,wp_mask=0xffffffffffffffff/|511921840|51.13||
     1.001035108|32253||arm_cmn_1/watchpoint_down,bynodeid=1,nodeid=0x18,wp_dev_sel=0x0,wp_chn_sel=0x3,wp_grp=0,wp_val=0,wp_mask=0xffffffffffffffff/|509849200|50.93||
     1.001035108|32198||arm_cmn_1/watchpoint_down,bynodeid=1,nodeid=0x20,wp_dev_sel=0x0,wp_chn_sel=0x3,wp_grp=0,wp_val=0,wp_mask=0xffffffffffffffff/|505849480|50.53||
     1.001035108|32219||arm_cmn_1/watchpoint_down,bynodeid=1,nodeid=0x1c8,wp_dev_sel=0x0,wp_chn_sel=0x3,wp_grp=0,wp_val=0,wp_mask=0xffffffffffffffff/|501851720|50.13||
     1.001035108|32183||arm_cmn_1/watchpoint_down,bynodeid=1,nodeid=0x1d0,wp_dev_sel=0x0,wp_chn_sel=0x3,wp_grp=0,wp_val=0,wp_mask=0xffffffffffffffff/|497856960|49.73||
     1.001035108|32195||arm_cmn_1/watchpoint_down,bynodeid=1,nodeid=0x1d8,wp_dev_sel=0x0,wp_chn_sel=0x3,wp_grp=0,wp_val=0,wp_mask=0xffffffffffffffff/|493865880|49.34||
     1.001035108|32159||arm_cmn_1/watchpoint_down,bynodeid=1,nodeid=0x1e0,wp_dev_sel=0x0,wp_chn_sel=0x3,wp_grp=0,wp_val=0,wp_mask=0xffffffffffffffff/|489867240|48.94||
     2.002420107|251316||arm_cmn_0/watchpoint_up,bynodeid=1,nodeid=0x8,wp_dev_sel=0x0,wp_chn_sel=0x3,wp_grp=0,wp_val=0,wp_mask=0xffffffffffffffff/|506025920|50.54||
     2.002420107|263468||arm_cmn_0/watchpoint_up,bynodeid=1,nodeid=0x10,wp_dev_sel=0x0,wp_chn_sel=0x3,wp_grp=0,wp_val=0,wp_mask=0xffffffffffffffff/|510024680|50.94||
     2.002420107|268731||arm_cmn_0/watchpoint_up,bynodeid=1,nodeid=0x18,wp_dev_sel=0x0,wp_chn_sel=0x3,wp_grp=0,wp_val=0,wp_mask=0xffffffffffffffff/|511913120|51.13||
     2.002420107|251865||arm_cmn_0/watchpoint_up,bynodeid=1,nodeid=0x20,wp_dev_sel=0x0,wp_chn_sel=0x3,wp_grp=0,wp_val=0,wp_mask=0xffffffffffffffff/|511918640|51.13||
     2.002420107|193559||arm_cmn_0/watchpoint_up,bynodeid=1,nodeid=0x1c8,wp_dev_sel=0x0,wp_chn_sel=0x3,wp_grp=0,wp_val=0,wp_mask=0xffffffffffffffff/|511190440|51.06||
     2.002420107|159817||arm_cmn_0/watchpoint_up,bynodeid=1,nodeid=0x1d0,wp_dev_sel=0x0,wp_chn_sel=0x3,wp_grp=0,wp_val=0,wp_mask=0xffffffffffffffff/|507191840|50.66||
     2.002420107|145878||arm_cmn_0/watchpoint_up,bynodeid=1,nodeid=0x1d8,wp_dev_sel=0x0,wp_chn_sel=0x3,wp_grp=0,wp_val=0,wp_mask=0xffffffffffffffff/|503192160|50.26||
     2.002420107|148112||arm_cmn_0/watchpoint_up,bynodeid=1,nodeid=0x1e0,wp_dev_sel=0x0,wp_chn_sel=0x3,wp_grp=0,wp_val=0,wp_mask=0xffffffffffffffff/|499198000|49.86||
     2.002420107|84681||arm_cmn_0/watchpoint_down,bynodeid=1,nodeid=0x8,wp_dev_sel=0x0,wp_chn_sel=0x3,wp_grp=0,wp_val=0,wp_mask=0xffffffffffffffff/|495204000|49.46||
     2.002420107|80065||arm_cmn_0/watchpoint_down,bynodeid=1,nodeid=0x10,wp_dev_sel=0x0,wp_chn_sel=0x3,wp_grp=0,wp_val=0,wp_mask=0xffffffffffffffff/|491204160|49.06||
     2.002420107|76708||arm_cmn_0/watchpoint_down,bynodeid=1,nodeid=0x18,wp_dev_sel=0x0,wp_chn_sel=0x3,wp_grp=0,wp_val=0,wp_mask=0xffffffffffffffff/|489297040|48.87||
     2.002420107|81706||arm_cmn_0/watchpoint_down,bynodeid=1,nodeid=0x20,wp_dev_sel=0x0,wp_chn_sel=0x3,wp_grp=0,wp_val=0,wp_mask=0xffffffffffffffff/|489291560|48.87||
     2.002420107|95700||arm_cmn_0/watchpoint_down,bynodeid=1,nodeid=0x1c8,wp_dev_sel=0x0,wp_chn_sel=0x3,wp_grp=0,wp_val=0,wp_mask=0xffffffffffffffff/|490005120|48.94||
     2.002420107|107211||arm_cmn_0/watchpoint_down,bynodeid=1,nodeid=0x1d0,wp_dev_sel=0x0,wp_chn_sel=0x3,wp_grp=0,wp_val=0,wp_mask=0xffffffffffffffff/|494003880|49.34||
     2.002420107|112071||arm_cmn_0/watchpoint_down,bynodeid=1,nodeid=0x1d8,wp_dev_sel=0x0,wp_chn_sel=0x3,wp_grp=0,wp_val=0,wp_mask=0xffffffffffffffff/|498004680|49.74||
     2.002420107|112791||arm_cmn_0/watchpoint_down,bynodeid=1,nodeid=0x1e0,wp_dev_sel=0x0,wp_chn_sel=0x3,wp_grp=0,wp_val=0,wp_mask=0xffffffffffffffff/|501999040|50.14||
     2.002420107|10229||arm_cmn_1/watchpoint_up,bynodeid=1,nodeid=0x8,wp_dev_sel=0x0,wp_chn_sel=0x3,wp_grp=0,wp_val=0,wp_mask=0xffffffffffffffff/|505998200|50.54||
     2.002420107|11413||arm_cmn_1/watchpoint_up,bynodeid=1,nodeid=0x10,wp_dev_sel=0x0,wp_chn_sel=0x3,wp_grp=0,wp_val=0,wp_mask=0xffffffffffffffff/|509999520|50.94||
     2.002420107|9137||arm_cmn_1/watchpoint_up,bynodeid=1,nodeid=0x18,wp_dev_sel=0x0,wp_chn_sel=0x3,wp_grp=0,wp_val=0,wp_mask=0xffffffffffffffff/|511909320|51.13||
     2.002420107|9821||arm_cmn_1/watchpoint_up,bynodeid=1,nodeid=0x20,wp_dev_sel=0x0,wp_chn_sel=0x3,wp_grp=0,wp_val=0,wp_mask=0xffffffffffffffff/|511918680|51.13||
     2.002420107|16420||arm_cmn_1/watchpoint_up,bynodeid=1,nodeid=0x1c8,wp_dev_sel=0x0,wp_chn_sel=0x3,wp_grp=0,wp_val=0,wp_mask=0xffffffffffffffff/|511202360|51.06||
     2.002420107|15898||arm_cmn_1/watchpoint_up,bynodeid=1,nodeid=0x1d0,wp_dev_sel=0x0,wp_chn_sel=0x3,wp_grp=0,wp_val=0,wp_mask=0xffffffffffffffff/|507205120|50.66||
     2.002420107|11607||arm_cmn_1/watchpoint_up,bynodeid=1,nodeid=0x1d8,wp_dev_sel=0x0,wp_chn_sel=0x3,wp_grp=0,wp_val=0,wp_mask=0xffffffffffffffff/|503206120|50.26||
     2.002420107|7958||arm_cmn_1/watchpoint_up,bynodeid=1,nodeid=0x1e0,wp_dev_sel=0x0,wp_chn_sel=0x3,wp_grp=0,wp_val=0,wp_mask=0xffffffffffffffff/|499215680|49.86||
     2.002420107|34211||arm_cmn_1/watchpoint_down,bynodeid=1,nodeid=0x8,wp_dev_sel=0x0,wp_chn_sel=0x3,wp_grp=0,wp_val=0,wp_mask=0xffffffffffffffff/|495223040|49.46||
     2.002420107|32162||arm_cmn_1/watchpoint_down,bynodeid=1,nodeid=0x10,wp_dev_sel=0x0,wp_chn_sel=0x3,wp_grp=0,wp_val=0,wp_mask=0xffffffffffffffff/|491221640|49.06||
     2.002420107|32207||arm_cmn_1/watchpoint_down,bynodeid=1,nodeid=0x18,wp_dev_sel=0x0,wp_chn_sel=0x3,wp_grp=0,wp_val=0,wp_mask=0xffffffffffffffff/|489299440|48.87||
     2.002420107|32187||arm_cmn_1/watchpoint_down,bynodeid=1,nodeid=0x20,wp_dev_sel=0x0,wp_chn_sel=0x3,wp_grp=0,wp_val=0,wp_mask=0xffffffffffffffff/|489290280|48.87||
     2.002420107|32321||arm_cmn_1/watchpoint_down,bynodeid=1,nodeid=0x1c8,wp_dev_sel=0x0,wp_chn_sel=0x3,wp_grp=0,wp_val=0,wp_mask=0xffffffffffffffff/|489986080|48.94||
     2.002420107|32242||arm_cmn_1/watchpoint_down,bynodeid=1,nodeid=0x1d0,wp_dev_sel=0x0,wp_chn_sel=0x3,wp_grp=0,wp_val=0,wp_mask=0xffffffffffffffff/|493984080|49.34||
     2.002420107|32252||arm_cmn_1/watchpoint_down,bynodeid=1,nodeid=0x1d8,wp_dev_sel=0x0,wp_chn_sel=0x3,wp_grp=0,wp_val=0,wp_mask=0xffffffffffffffff/|497983040|49.74||
     2.002420107|32247||arm_cmn_1/watchpoint_down,bynodeid=1,nodeid=0x1e0,wp_dev_sel=0x0,wp_chn_sel=0x3,wp_grp=0,wp_val=0,wp_mask=0xffffffffffffffff/|501973480|50.14||
     3.003239732|76546||arm_cmn_0/watchpoint_up,bynodeid=1,nodeid=0x8,wp_dev_sel=0x0,wp_chn_sel=0x3,wp_grp=0,wp_val=0,wp_mask=0xffffffffffffffff/|504000400|50.37||
     3.003239732|61320||arm_cmn_0/watchpoint_up,bynodeid=1,nodeid=0x10,wp_dev_sel=0x0,wp_chn_sel=0x3,wp_grp=0,wp_val=0,wp_mask=0xffffffffffffffff/|500002200|49.97||
     3.003239732|43451||arm_cmn_0/watchpoint_up,bynodeid=1,nodeid=0x18,wp_dev_sel=0x0,wp_chn_sel=0x3,wp_grp=0,wp_val=0,wp_mask=0xffffffffffffffff/|496009880|49.57||
     3.003239732|30246||arm_cmn_0/watchpoint_up,bynodeid=1,nodeid=0x20,wp_dev_sel=0x0,wp_chn_sel=0x3,wp_grp=0,wp_val=0,wp_mask=0xffffffffffffffff/|492010320|49.17||
     3.003239732|20756||arm_cmn_0/watchpoint_up,bynodeid=1,nodeid=0x1c8,wp_dev_sel=0x0,wp_chn_sel=0x3,wp_grp=0,wp_val=0,wp_mask=0xffffffffffffffff/|488741840|48.84||
     3.003239732|27996||arm_cmn_0/watchpoint_up,bynodeid=1,nodeid=0x1d0,wp_dev_sel=0x0,wp_chn_sel=0x3,wp_grp=0,wp_val=0,wp_mask=0xffffffffffffffff/|488739520|48.84||
     3.003239732|29470||arm_cmn_0/watchpoint_up,bynodeid=1,nodeid=0x1d8,wp_dev_sel=0x0,wp_chn_sel=0x3,wp_grp=0,wp_val=0,wp_mask=0xffffffffffffffff/|488740720|48.84||
     3.003239732|33072||arm_cmn_0/watchpoint_up,bynodeid=1,nodeid=0x1e0,wp_dev_sel=0x0,wp_chn_sel=0x3,wp_grp=0,wp_val=0,wp_mask=0xffffffffffffffff/|492641360|49.23||
     3.003239732|48081||arm_cmn_0/watchpoint_down,bynodeid=1,nodeid=0x8,wp_dev_sel=0x0,wp_chn_sel=0x3,wp_grp=0,wp_val=0,wp_mask=0xffffffffffffffff/|496645200|49.63||
     3.003239732|52436||arm_cmn_0/watchpoint_down,bynodeid=1,nodeid=0x10,wp_dev_sel=0x0,wp_chn_sel=0x3,wp_grp=0,wp_val=0,wp_mask=0xffffffffffffffff/|500644040|50.03||
     3.003239732|56735||arm_cmn_0/watchpoint_down,bynodeid=1,nodeid=0x18,wp_dev_sel=0x0,wp_chn_sel=0x3,wp_grp=0,wp_val=0,wp_mask=0xffffffffffffffff/|504636520|50.43||
     3.003239732|62513||arm_cmn_0/watchpoint_down,bynodeid=1,nodeid=0x20,wp_dev_sel=0x0,wp_chn_sel=0x3,wp_grp=0,wp_val=0,wp_mask=0xffffffffffffffff/|508636080|50.83||
     3.003239732|63215||arm_cmn_0/watchpoint_down,bynodeid=1,nodeid=0x1c8,wp_dev_sel=0x0,wp_chn_sel=0x3,wp_grp=0,wp_val=0,wp_mask=0xffffffffffffffff/|511916560|51.16||
     3.003239732|60705||arm_cmn_0/watchpoint_down,bynodeid=1,nodeid=0x1d0,wp_dev_sel=0x0,wp_chn_sel=0x3,wp_grp=0,wp_val=0,wp_mask=0xffffffffffffffff/|511918600|51.16||
     3.003239732|60704||arm_cmn_0/watchpoint_down,bynodeid=1,nodeid=0x1d8,wp_dev_sel=0x0,wp_chn_sel=0x3,wp_grp=0,wp_val=0,wp_mask=0xffffffffffffffff/|511916160|51.16||
     3.003239732|60367||arm_cmn_0/watchpoint_down,bynodeid=1,nodeid=0x1e0,wp_dev_sel=0x0,wp_chn_sel=0x3,wp_grp=0,wp_val=0,wp_mask=0xffffffffffffffff/|508024680|50.77||
     3.003239732|7361||arm_cmn_1/watchpoint_up,bynodeid=1,nodeid=0x8,wp_dev_sel=0x0,wp_chn_sel=0x3,wp_grp=0,wp_val=0,wp_mask=0xffffffffffffffff/|504011680|50.37||
     3.003239732|6215||arm_cmn_1/watchpoint_up,bynodeid=1,nodeid=0x10,wp_dev_sel=0x0,wp_chn_sel=0x3,wp_grp=0,wp_val=0,wp_mask=0xffffffffffffffff/|500013120|49.97||
     3.003239732|4296||arm_cmn_1/watchpoint_up,bynodeid=1,nodeid=0x18,wp_dev_sel=0x0,wp_chn_sel=0x3,wp_grp=0,wp_val=0,wp_mask=0xffffffffffffffff/|496022880|49.57||
     3.003239732|3144||arm_cmn_1/watchpoint_up,bynodeid=1,nodeid=0x20,wp_dev_sel=0x0,wp_chn_sel=0x3,wp_grp=0,wp_val=0,wp_mask=0xffffffffffffffff/|492024400|49.17||
     3.003239732|6310||arm_cmn_1/watchpoint_up,bynodeid=1,nodeid=0x1c8,wp_dev_sel=0x0,wp_chn_sel=0x3,wp_grp=0,wp_val=0,wp_mask=0xffffffffffffffff/|488746520|48.84||
     3.003239732|7804||arm_cmn_1/watchpoint_up,bynodeid=1,nodeid=0x1d0,wp_dev_sel=0x0,wp_chn_sel=0x3,wp_grp=0,wp_val=0,wp_mask=0xffffffffffffffff/|488741520|48.84||
     3.003239732|6715||arm_cmn_1/watchpoint_up,bynodeid=1,nodeid=0x1d8,wp_dev_sel=0x0,wp_chn_sel=0x3,wp_grp=0,wp_val=0,wp_mask=0xffffffffffffffff/|488744040|48.84||
     3.003239732|5472||arm_cmn_1/watchpoint_up,bynodeid=1,nodeid=0x1e0,wp_dev_sel=0x0,wp_chn_sel=0x3,wp_grp=0,wp_val=0,wp_mask=0xffffffffffffffff/|492627680|49.23||
     3.003239732|34184||arm_cmn_1/watchpoint_down,bynodeid=1,nodeid=0x8,wp_dev_sel=0x0,wp_chn_sel=0x3,wp_grp=0,wp_val=0,wp_mask=0xffffffffffffffff/|496630040|49.63||
     3.003239732|32200||arm_cmn_1/watchpoint_down,bynodeid=1,nodeid=0x10,wp_dev_sel=0x0,wp_chn_sel=0x3,wp_grp=0,wp_val=0,wp_mask=0xffffffffffffffff/|500628480|50.03||
     3.003239732|32279||arm_cmn_1/watchpoint_down,bynodeid=1,nodeid=0x18,wp_dev_sel=0x0,wp_chn_sel=0x3,wp_grp=0,wp_val=0,wp_mask=0xffffffffffffffff/|504618680|50.43||
     3.003239732|32226||arm_cmn_1/watchpoint_down,bynodeid=1,nodeid=0x20,wp_dev_sel=0x0,wp_chn_sel=0x3,wp_grp=0,wp_val=0,wp_mask=0xffffffffffffffff/|508616920|50.83||
     3.003239732|32170||arm_cmn_1/watchpoint_down,bynodeid=1,nodeid=0x1c8,wp_dev_sel=0x0,wp_chn_sel=0x3,wp_grp=0,wp_val=0,wp_mask=0xffffffffffffffff/|511914400|51.16||
     3.003239732|32155||arm_cmn_1/watchpoint_down,bynodeid=1,nodeid=0x1d0,wp_dev_sel=0x0,wp_chn_sel=0x3,wp_grp=0,wp_val=0,wp_mask=0xffffffffffffffff/|511918680|51.16||
     3.003239732|32057||arm_cmn_1/watchpoint_down,bynodeid=1,nodeid=0x1d8,wp_dev_sel=0x0,wp_chn_sel=0x3,wp_grp=0,wp_val=0,wp_mask=0xffffffffffffffff/|511916600|51.16||
     3.003239732|32061||arm_cmn_1/watchpoint_down,bynodeid=1,nodeid=0x1e0,wp_dev_sel=0x0,wp_chn_sel=0x3,wp_grp=0,wp_val=0,wp_mask=0xffffffffffffffff/|508040840|50.77||
     4.004518309|189946||arm_cmn_0/watchpoint_up,bynodeid=1,nodeid=0x8,wp_dev_sel=0x0,wp_chn_sel=0x3,wp_grp=0,wp_val=0,wp_mask=0xffffffffffffffff/|489211280|48.87||
     4.004518309|183432||arm_cmn_0/watchpoint_up,bynodeid=1,nodeid=0x10,wp_dev_sel=0x0,wp_chn_sel=0x3,wp_grp=0,wp_val=0,wp_mask=0xffffffffffffffff/|491837040|49.13||
     4.004518309|155487||arm_cmn_0/watchpoint_up,bynodeid=1,nodeid=0x18,wp_dev_sel=0x0,wp_chn_sel=0x3,wp_grp=0,wp_val=0,wp_mask=0xffffffffffffffff/|495824440|49.53||
     4.004518309|137212||arm_cmn_0/watchpoint_up,bynodeid=1,nodeid=0x20,wp_dev_sel=0x0,wp_chn_sel=0x3,wp_grp=0,wp_val=0,wp_mask=0xffffffffffffffff/|499829800|49.93||
     4.004518309|128774||arm_cmn_0/watchpoint_up,bynodeid=1,nodeid=0x1c8,wp_dev_sel=0x0,wp_chn_sel=0x3,wp_grp=0,wp_val=0,wp_mask=0xffffffffffffffff/|503831160|50.33||
     4.004518309|123629||arm_cmn_0/watchpoint_up,bynodeid=1,nodeid=0x1d0,wp_dev_sel=0x0,wp_chn_sel=0x3,wp_grp=0,wp_val=0,wp_mask=0xffffffffffffffff/|507824760|50.73||
     4.004518309|120563||arm_cmn_0/watchpoint_up,bynodeid=1,nodeid=0x1d8,wp_dev_sel=0x0,wp_chn_sel=0x3,wp_grp=0,wp_val=0,wp_mask=0xffffffffffffffff/|511823640|51.13||
     4.004518309|115390||arm_cmn_0/watchpoint_up,bynodeid=1,nodeid=0x1e0,wp_dev_sel=0x0,wp_chn_sel=0x3,wp_grp=0,wp_val=0,wp_mask=0xffffffffffffffff/|511916160|51.13||
     4.004518309|69455||arm_cmn_0/watchpoint_down,bynodeid=1,nodeid=0x8,wp_dev_sel=0x0,wp_chn_sel=0x3,wp_grp=0,wp_val=0,wp_mask=0xffffffffffffffff/|511910120|51.13||
     4.004518309|70614||arm_cmn_0/watchpoint_down,bynodeid=1,nodeid=0x10,wp_dev_sel=0x0,wp_chn_sel=0x3,wp_grp=0,wp_val=0,wp_mask=0xffffffffffffffff/|509292600|50.87||
     4.004518309|76694||arm_cmn_0/watchpoint_down,bynodeid=1,nodeid=0x18,wp_dev_sel=0x0,wp_chn_sel=0x3,wp_grp=0,wp_val=0,wp_mask=0xffffffffffffffff/|505305000|50.47||
     4.004518309|82138||arm_cmn_0/watchpoint_down,bynodeid=1,nodeid=0x20,wp_dev_sel=0x0,wp_chn_sel=0x3,wp_grp=0,wp_val=0,wp_mask=0xffffffffffffffff/|501299560|50.07||
     4.004518309|83300||arm_cmn_0/watchpoint_down,bynodeid=1,nodeid=0x1c8,wp_dev_sel=0x0,wp_chn_sel=0x3,wp_grp=0,wp_val=0,wp_mask=0xffffffffffffffff/|497298360|49.67||
     4.004518309|83853||arm_cmn_0/watchpoint_down,bynodeid=1,nodeid=0x1d0,wp_dev_sel=0x0,wp_chn_sel=0x3,wp_grp=0,wp_val=0,wp_mask=0xffffffffffffffff/|493304880|49.28||
     4.004518309|83264||arm_cmn_0/watchpoint_down,bynodeid=1,nodeid=0x1d8,wp_dev_sel=0x0,wp_chn_sel=0x3,wp_grp=0,wp_val=0,wp_mask=0xffffffffffffffff/|489306080|48.88||
     4.004518309|85522||arm_cmn_0/watchpoint_down,bynodeid=1,nodeid=0x1e0,wp_dev_sel=0x0,wp_chn_sel=0x3,wp_grp=0,wp_val=0,wp_mask=0xffffffffffffffff/|489204160|48.87||
     4.004518309|11447||arm_cmn_1/watchpoint_up,bynodeid=1,nodeid=0x8,wp_dev_sel=0x0,wp_chn_sel=0x3,wp_grp=0,wp_val=0,wp_mask=0xffffffffffffffff/|489209520|48.87||
     4.004518309|10829||arm_cmn_1/watchpoint_up,bynodeid=1,nodeid=0x10,wp_dev_sel=0x0,wp_chn_sel=0x3,wp_grp=0,wp_val=0,wp_mask=0xffffffffffffffff/|491823760|49.13||
     4.004518309|8068||arm_cmn_1/watchpoint_up,bynodeid=1,nodeid=0x18,wp_dev_sel=0x0,wp_chn_sel=0x3,wp_grp=0,wp_val=0,wp_mask=0xffffffffffffffff/|495810520|49.53||
     4.004518309|6826||arm_cmn_1/watchpoint_up,bynodeid=1,nodeid=0x20,wp_dev_sel=0x0,wp_chn_sel=0x3,wp_grp=0,wp_val=0,wp_mask=0xffffffffffffffff/|499816360|49.93||
     4.004518309|10106||arm_cmn_1/watchpoint_up,bynodeid=1,nodeid=0x1c8,wp_dev_sel=0x0,wp_chn_sel=0x3,wp_grp=0,wp_val=0,wp_mask=0xffffffffffffffff/|503815840|50.33||
     4.004518309|9510||arm_cmn_1/watchpoint_up,bynodeid=1,nodeid=0x1d0,wp_dev_sel=0x0,wp_chn_sel=0x3,wp_grp=0,wp_val=0,wp_mask=0xffffffffffffffff/|507806280|50.72||
     4.004518309|8360||arm_cmn_1/watchpoint_up,bynodeid=1,nodeid=0x1d8,wp_dev_sel=0x0,wp_chn_sel=0x3,wp_grp=0,wp_val=0,wp_mask=0xffffffffffffffff/|511805560|51.12||
     4.004518309|7028||arm_cmn_1/watchpoint_up,bynodeid=1,nodeid=0x1e0,wp_dev_sel=0x0,wp_chn_sel=0x3,wp_grp=0,wp_val=0,wp_mask=0xffffffffffffffff/|511912280|51.13||
     4.004518309|32019||arm_cmn_1/watchpoint_down,bynodeid=1,nodeid=0x8,wp_dev_sel=0x0,wp_chn_sel=0x3,wp_grp=0,wp_val=0,wp_mask=0xffffffffffffffff/|511910920|51.13||
     4.004518309|29972||arm_cmn_1/watchpoint_down,bynodeid=1,nodeid=0x10,wp_dev_sel=0x0,wp_chn_sel=0x3,wp_grp=0,wp_val=0,wp_mask=0xffffffffffffffff/|509306880|50.87||
     4.004518309|30184||arm_cmn_1/watchpoint_down,bynodeid=1,nodeid=0x18,wp_dev_sel=0x0,wp_chn_sel=0x3,wp_grp=0,wp_val=0,wp_mask=0xffffffffffffffff/|505320280|50.48||
     4.004518309|30028||arm_cmn_1/watchpoint_down,bynodeid=1,nodeid=0x20,wp_dev_sel=0x0,wp_chn_sel=0x3,wp_grp=0,wp_val=0,wp_mask=0xffffffffffffffff/|501314440|50.08||
     4.004518309|30330||arm_cmn_1/watchpoint_down,bynodeid=1,nodeid=0x1c8,wp_dev_sel=0x0,wp_chn_sel=0x3,wp_grp=0,wp_val=0,wp_mask=0xffffffffffffffff/|497314920|49.68||
     4.004518309|30086||arm_cmn_1/watchpoint_down,bynodeid=1,nodeid=0x1d0,wp_dev_sel=0x0,wp_chn_sel=0x3,wp_grp=0,wp_val=0,wp_mask=0xffffffffffffffff/|493324320|49.28||
     4.004518309|30242||arm_cmn_1/watchpoint_down,bynodeid=1,nodeid=0x1d8,wp_dev_sel=0x0,wp_chn_sel=0x3,wp_grp=0,wp_val=0,wp_mask=0xffffffffffffffff/|489324280|48.88||
     4.004518309|30286||arm_cmn_1/watchpoint_down,bynodeid=1,nodeid=0x1e0,wp_dev_sel=0x0,wp_chn_sel=0x3,wp_grp=0,wp_val=0,wp_mask=0xffffffffffffffff/|489209640|48.87||
     5.005823932|69468||arm_cmn_0/watchpoint_up,bynodeid=1,nodeid=0x8,wp_dev_sel=0x0,wp_chn_sel=0x3,wp_grp=0,wp_val=0,wp_mask=0xffffffffffffffff/|510553240|51.00||
     5.005823932|61829||arm_cmn_0/watchpoint_up,bynodeid=1,nodeid=0x10,wp_dev_sel=0x0,wp_chn_sel=0x3,wp_grp=0,wp_val=0,wp_mask=0xffffffffffffffff/|511911360|51.13||
     5.005823932|42475||arm_cmn_0/watchpoint_up,bynodeid=1,nodeid=0x18,wp_dev_sel=0x0,wp_chn_sel=0x3,wp_grp=0,wp_val=0,wp_mask=0xffffffffffffffff/|511915200|51.13||
     5.005823932|34244||arm_cmn_0/watchpoint_up,bynodeid=1,nodeid=0x20,wp_dev_sel=0x0,wp_chn_sel=0x3,wp_grp=0,wp_val=0,wp_mask=0xffffffffffffffff/|510638240|51.00||
     5.005823932|29819||arm_cmn_0/watchpoint_up,bynodeid=1,nodeid=0x1c8,wp_dev_sel=0x0,wp_chn_sel=0x3,wp_grp=0,wp_val=0,wp_mask=0xffffffffffffffff/|506647040|50.60||
     5.005823932|26128||arm_cmn_0/watchpoint_up,bynodeid=1,nodeid=0x1d0,wp_dev_sel=0x0,wp_chn_sel=0x3,wp_grp=0,wp_val=0,wp_mask=0xffffffffffffffff/|502653280|50.21||
     5.005823932|23700||arm_cmn_0/watchpoint_up,bynodeid=1,nodeid=0x1d8,wp_dev_sel=0x0,wp_chn_sel=0x3,wp_grp=0,wp_val=0,wp_mask=0xffffffffffffffff/|498658640|49.81||
     5.005823932|20098||arm_cmn_0/watchpoint_up,bynodeid=1,nodeid=0x1e0,wp_dev_sel=0x0,wp_chn_sel=0x3,wp_grp=0,wp_val=0,wp_mask=0xffffffffffffffff/|494662880|49.41||
     5.005823932|45401||arm_cmn_0/watchpoint_down,bynodeid=1,nodeid=0x8,wp_dev_sel=0x0,wp_chn_sel=0x3,wp_grp=0,wp_val=0,wp_mask=0xffffffffffffffff/|490671800|49.01||
     5.005823932|47361||arm_cmn_0/watchpoint_down,bynodeid=1,nodeid=0x10,wp_dev_sel=0x0,wp_chn_sel=0x3,wp_grp=0,wp_val=0,wp_mask=0xffffffffffffffff/|489310400|48.87||
     5.005823932|50323||arm_cmn_0/watchpoint_down,bynodeid=1,nodeid=0x18,wp_dev_sel=0x0,wp_chn_sel=0x3,wp_grp=0,wp_val=0,wp_mask=0xffffffffffffffff/|489314240|48.87||
     5.005823932|56111||arm_cmn_0/watchpoint_down,bynodeid=1,nodeid=0x20,wp_dev_sel=0x0,wp_chn_sel=0x3,wp_grp=0,wp_val=0,wp_mask=0xffffffffffffffff/|490540600|48.99||
     5.005823932|56184||arm_cmn_0/watchpoint_down,bynodeid=1,nodeid=0x1c8,wp_dev_sel=0x0,wp_chn_sel=0x3,wp_grp=0,wp_val=0,wp_mask=0xffffffffffffffff/|494537000|49.39||
     5.005823932|56046||arm_cmn_0/watchpoint_down,bynodeid=1,nodeid=0x1d0,wp_dev_sel=0x0,wp_chn_sel=0x3,wp_grp=0,wp_val=0,wp_mask=0xffffffffffffffff/|498535840|49.79||
     5.005823932|56160||arm_cmn_0/watchpoint_down,bynodeid=1,nodeid=0x1d8,wp_dev_sel=0x0,wp_chn_sel=0x3,wp_grp=0,wp_val=0,wp_mask=0xffffffffffffffff/|502535720|50.19||
     5.005823932|57280||arm_cmn_0/watchpoint_down,bynodeid=1,nodeid=0x1e0,wp_dev_sel=0x0,wp_chn_sel=0x3,wp_grp=0,wp_val=0,wp_mask=0xffffffffffffffff/|506537240|50.59||
     5.005823932|8793||arm_cmn_1/watchpoint_up,bynodeid=1,nodeid=0x8,wp_dev_sel=0x0,wp_chn_sel=0x3,wp_grp=0,wp_val=0,wp_mask=0xffffffffffffffff/|510540760|50.99||
     5.005823932|7944||arm_cmn_1/watchpoint_up,bynodeid=1,nodeid=0x10,wp_dev_sel=0x0,wp_chn_sel=0x3,wp_grp=0,wp_val=0,wp_mask=0xffffffffffffffff/|511905560|51.13||
     5.005823932|5754||arm_cmn_1/watchpoint_up,bynodeid=1,nodeid=0x18,wp_dev_sel=0x0,wp_chn_sel=0x3,wp_grp=0,wp_val=0,wp_mask=0xffffffffffffffff/|511913920|51.13||
     5.005823932|4756||arm_cmn_1/watchpoint_up,bynodeid=1,nodeid=0x20,wp_dev_sel=0x0,wp_chn_sel=0x3,wp_grp=0,wp_val=0,wp_mask=0xffffffffffffffff/|510689480|51.01||
     5.005823932|8105||arm_cmn_1/watchpoint_up,bynodeid=1,nodeid=0x1c8,wp_dev_sel=0x0,wp_chn_sel=0x3,wp_grp=0,wp_val=0,wp_mask=0xffffffffffffffff/|506694440|50.61||
     5.005823932|8389||arm_cmn_1/watchpoint_up,bynodeid=1,nodeid=0x1d0,wp_dev_sel=0x0,wp_chn_sel=0x3,wp_grp=0,wp_val=0,wp_mask=0xffffffffffffffff/|502699240|50.21||
     5.005823932|6765||arm_cmn_1/watchpoint_up,bynodeid=1,nodeid=0x1d8,wp_dev_sel=0x0,wp_chn_sel=0x3,wp_grp=0,wp_val=0,wp_mask=0xffffffffffffffff/|498701520|49.81||
     5.005823932|5217||arm_cmn_1/watchpoint_up,bynodeid=1,nodeid=0x1e0,wp_dev_sel=0x0,wp_chn_sel=0x3,wp_grp=0,wp_val=0,wp_mask=0xffffffffffffffff/|494702120|49.41||
     5.005823932|34372||arm_cmn_1/watchpoint_down,bynodeid=1,nodeid=0x8,wp_dev_sel=0x0,wp_chn_sel=0x3,wp_grp=0,wp_val=0,wp_mask=0xffffffffffffffff/|490704120|49.01||
     5.005823932|32222||arm_cmn_1/watchpoint_down,bynodeid=1,nodeid=0x10,wp_dev_sel=0x0,wp_chn_sel=0x3,wp_grp=0,wp_val=0,wp_mask=0xffffffffffffffff/|489329160|48.87||
     5.005823932|32341||arm_cmn_1/watchpoint_down,bynodeid=1,nodeid=0x18,wp_dev_sel=0x0,wp_chn_sel=0x3,wp_grp=0,wp_val=0,wp_mask=0xffffffffffffffff/|489320680|48.87||
     5.005823932|32339||arm_cmn_1/watchpoint_down,bynodeid=1,nodeid=0x20,wp_dev_sel=0x0,wp_chn_sel=0x3,wp_grp=0,wp_val=0,wp_mask=0xffffffffffffffff/|490524920|48.99||
     5.005823932|32633||arm_cmn_1/watchpoint_down,bynodeid=1,nodeid=0x1c8,wp_dev_sel=0x0,wp_chn_sel=0x3,wp_grp=0,wp_val=0,wp_mask=0xffffffffffffffff/|494521240|49.39||
     5.005823932|32375||arm_cmn_1/watchpoint_down,bynodeid=1,nodeid=0x1d0,wp_dev_sel=0x0,wp_chn_sel=0x3,wp_grp=0,wp_val=0,wp_mask=0xffffffffffffffff/|498516600|49.79||
     5.005823932|32333||arm_cmn_1/watchpoint_down,bynodeid=1,nodeid=0x1d8,wp_dev_sel=0x0,wp_chn_sel=0x3,wp_grp=0,wp_val=0,wp_mask=0xffffffffffffffff/|502515000|50.19||
     5.005823932|32635||arm_cmn_1/watchpoint_down,bynodeid=1,nodeid=0x1e0,wp_dev_sel=0x0,wp_chn_sel=0x3,wp_grp=0,wp_val=0,wp_mask=0xffffffffffffffff/|506514480|50.59||
     6.007241257|34438||arm_cmn_0/watchpoint_up,bynodeid=1,nodeid=0x8,wp_dev_sel=0x0,wp_chn_sel=0x3,wp_grp=0,wp_val=0,wp_mask=0xffffffffffffffff/|500002560|49.94||
     6.007241257|32123||arm_cmn_0/watchpoint_up,bynodeid=1,nodeid=0x10,wp_dev_sel=0x0,wp_chn_sel=0x3,wp_grp=0,wp_val=0,wp_mask=0xffffffffffffffff/|496010680|49.54||
     6.007241257|29978||arm_cmn_0/watchpoint_up,bynodeid=1,nodeid=0x18,wp_dev_sel=0x0,wp_chn_sel=0x3,wp_grp=0,wp_val=0,wp_mask=0xffffffffffffffff/|492012080|49.14||
     6.007241257|27685||arm_cmn_0/watchpoint_up,bynodeid=1,nodeid=0x20,wp_dev_sel=0x0,wp_chn_sel=0x3,wp_grp=0,wp_val=0,wp_mask=0xffffffffffffffff/|489302480|48.87||
     6.007241257|28348||arm_cmn_0/watchpoint_up,bynodeid=1,nodeid=0x1c8,wp_dev_sel=0x0,wp_chn_sel=0x3,wp_grp=0,wp_val=0,wp_mask=0xffffffffffffffff/|489294920|48.87||
     6.007241257|30427||arm_cmn_0/watchpoint_up,bynodeid=1,nodeid=0x1d0,wp_dev_sel=0x0,wp_chn_sel=0x3,wp_grp=0,wp_val=0,wp_mask=0xffffffffffffffff/|489292440|48.87||
     6.007241257|32679||arm_cmn_0/watchpoint_up,bynodeid=1,nodeid=0x1d8,wp_dev_sel=0x0,wp_chn_sel=0x3,wp_grp=0,wp_val=0,wp_mask=0xffffffffffffffff/|493188400|49.26||
     6.007241257|35631||arm_cmn_0/watchpoint_up,bynodeid=1,nodeid=0x1e0,wp_dev_sel=0x0,wp_chn_sel=0x3,wp_grp=0,wp_val=0,wp_mask=0xffffffffffffffff/|497183120|49.66||
     6.007241257|44514||arm_cmn_0/watchpoint_down,bynodeid=1,nodeid=0x8,wp_dev_sel=0x0,wp_chn_sel=0x3,wp_grp=0,wp_val=0,wp_mask=0xffffffffffffffff/|501177040|50.06||
     6.007241257|45171||arm_cmn_0/watchpoint_down,bynodeid=1,nodeid=0x10,wp_dev_sel=0x0,wp_chn_sel=0x3,wp_grp=0,wp_val=0,wp_mask=0xffffffffffffffff/|505163960|50.46||
     6.007241257|44447||arm_cmn_0/watchpoint_down,bynodeid=1,nodeid=0x18,wp_dev_sel=0x0,wp_chn_sel=0x3,wp_grp=0,wp_val=0,wp_mask=0xffffffffffffffff/|509154840|50.86||
     6.007241257|46836||arm_cmn_0/watchpoint_down,bynodeid=1,nodeid=0x20,wp_dev_sel=0x0,wp_chn_sel=0x3,wp_grp=0,wp_val=0,wp_mask=0xffffffffffffffff/|511916320|51.13||
     6.007241257|45539||arm_cmn_0/watchpoint_down,bynodeid=1,nodeid=0x1c8,wp_dev_sel=0x0,wp_chn_sel=0x3,wp_grp=0,wp_val=0,wp_mask=0xffffffffffffffff/|511918520|51.13||
     6.007241257|44188||arm_cmn_0/watchpoint_down,bynodeid=1,nodeid=0x1d0,wp_dev_sel=0x0,wp_chn_sel=0x3,wp_grp=0,wp_val=0,wp_mask=0xffffffffffffffff/|511915960|51.13||
     6.007241257|43744||arm_cmn_0/watchpoint_down,bynodeid=1,nodeid=0x1d8,wp_dev_sel=0x0,wp_chn_sel=0x3,wp_grp=0,wp_val=0,wp_mask=0xffffffffffffffff/|508022880|50.74||
     6.007241257|42927||arm_cmn_0/watchpoint_down,bynodeid=1,nodeid=0x1e0,wp_dev_sel=0x0,wp_chn_sel=0x3,wp_grp=0,wp_val=0,wp_mask=0xffffffffffffffff/|504022520|50.34||
     6.007241257|4128||arm_cmn_1/watchpoint_up,bynodeid=1,nodeid=0x8,wp_dev_sel=0x0,wp_chn_sel=0x3,wp_grp=0,wp_val=0,wp_mask=0xffffffffffffffff/|500013960|49.94||
     6.007241257|4174||arm_cmn_1/watchpoint_up,bynodeid=1,nodeid=0x10,wp_dev_sel=0x0,wp_chn_sel=0x3,wp_grp=0,wp_val=0,wp_mask=0xffffffffffffffff/|496024960|49.54||
     6.007241257|3980||arm_cmn_1/watchpoint_up,bynodeid=1,nodeid=0x18,wp_dev_sel=0x0,wp_chn_sel=0x3,wp_grp=0,wp_val=0,wp_mask=0xffffffffffffffff/|492025440|49.14||
     6.007241257|4301||arm_cmn_1/watchpoint_up,bynodeid=1,nodeid=0x20,wp_dev_sel=0x0,wp_chn_sel=0x3,wp_grp=0,wp_val=0,wp_mask=0xffffffffffffffff/|489269720|48.87||
     6.007241257|8074||arm_cmn_1/watchpoint_up,bynodeid=1,nodeid=0x1c8,wp_dev_sel=0x0,wp_chn_sel=0x3,wp_grp=0,wp_val=0,wp_mask=0xffffffffffffffff/|489262120|48.87||
     6.007241257|9196||arm_cmn_1/watchpoint_up,bynodeid=1,nodeid=0x1d0,wp_dev_sel=0x0,wp_chn_sel=0x3,wp_grp=0,wp_val=0,wp_mask=0xffffffffffffffff/|489262880|48.87||
     6.007241257|8348||arm_cmn_1/watchpoint_up,bynodeid=1,nodeid=0x1d8,wp_dev_sel=0x0,wp_chn_sel=0x3,wp_grp=0,wp_val=0,wp_mask=0xffffffffffffffff/|493148160|49.26||
     6.007241257|5997||arm_cmn_1/watchpoint_up,bynodeid=1,nodeid=0x1e0,wp_dev_sel=0x0,wp_chn_sel=0x3,wp_grp=0,wp_val=0,wp_mask=0xffffffffffffffff/|497148000|49.66||
     6.007241257|34074||arm_cmn_1/watchpoint_down,bynodeid=1,nodeid=0x8,wp_dev_sel=0x0,wp_chn_sel=0x3,wp_grp=0,wp_val=0,wp_mask=0xffffffffffffffff/|501146880|50.06||
     6.007241257|32088||arm_cmn_1/watchpoint_down,bynodeid=1,nodeid=0x10,wp_dev_sel=0x0,wp_chn_sel=0x3,wp_grp=0,wp_val=0,wp_mask=0xffffffffffffffff/|505136280|50.45||
     6.007241257|32052||arm_cmn_1/watchpoint_down,bynodeid=1,nodeid=0x18,wp_dev_sel=0x0,wp_chn_sel=0x3,wp_grp=0,wp_val=0,wp_mask=0xffffffffffffffff/|509135800|50.85||
     6.007241257|32074||arm_cmn_1/watchpoint_down,bynodeid=1,nodeid=0x20,wp_dev_sel=0x0,wp_chn_sel=0x3,wp_grp=0,wp_val=0,wp_mask=0xffffffffffffffff/|511911680|51.13||
     6.007241257|32081||arm_cmn_1/watchpoint_down,bynodeid=1,nodeid=0x1c8,wp_dev_sel=0x0,wp_chn_sel=0x3,wp_grp=0,wp_val=0,wp_mask=0xffffffffffffffff/|511918000|51.13||
     6.007241257|32081||arm_cmn_1/watchpoint_down,bynodeid=1,nodeid=0x1d0,wp_dev_sel=0x0,wp_chn_sel=0x3,wp_grp=0,wp_val=0,wp_mask=0xffffffffffffffff/|511917240|51.13||
     6.007241257|32054||arm_cmn_1/watchpoint_down,bynodeid=1,nodeid=0x1d8,wp_dev_sel=0x0,wp_chn_sel=0x3,wp_grp=0,wp_val=0,wp_mask=0xffffffffffffffff/|508040680|50.74||
     6.007241257|32074||arm_cmn_1/watchpoint_down,bynodeid=1,nodeid=0x1e0,wp_dev_sel=0x0,wp_chn_sel=0x3,wp_grp=0,wp_val=0,wp_mask=0xffffffffffffffff/|504040800|50.34||
     7.008513645|134873||arm_cmn_0/watchpoint_up,bynodeid=1,nodeid=0x8,wp_dev_sel=0x0,wp_chn_sel=0x3,wp_grp=0,wp_val=0,wp_mask=0xffffffffffffffff/|491837640|49.13||
     7.008513645|150441||arm_cmn_0/watchpoint_up,bynodeid=1,nodeid=0x10,wp_dev_sel=0x0,wp_chn_sel=0x3,wp_grp=0,wp_val=0,wp_mask=0xffffffffffffffff/|495843480|49.53||
     7.008513645|157576||arm_cmn_0/watchpoint_up,bynodeid=1,nodeid=0x18,wp_dev_sel=0x0,wp_chn_sel=0x3,wp_grp=0,wp_val=0,wp_mask=0xffffffffffffffff/|499833560|49.93||
     7.008513645|167797||arm_cmn_0/watchpoint_up,bynodeid=1,nodeid=0x20,wp_dev_sel=0x0,wp_chn_sel=0x3,wp_grp=0,wp_val=0,wp_mask=0xffffffffffffffff/|503823080|50.33||
     7.008513645|163334||arm_cmn_0/watchpoint_up,bynodeid=1,nodeid=0x1c8,wp_dev_sel=0x0,wp_chn_sel=0x3,wp_grp=0,wp_val=0,wp_mask=0xffffffffffffffff/|507831160|50.73||
     7.008513645|185826||arm_cmn_0/watchpoint_up,bynodeid=1,nodeid=0x1d0,wp_dev_sel=0x0,wp_chn_sel=0x3,wp_grp=0,wp_val=0,wp_mask=0xffffffffffffffff/|511826680|51.13||
     7.008513645|178938||arm_cmn_0/watchpoint_up,bynodeid=1,nodeid=0x1d8,wp_dev_sel=0x0,wp_chn_sel=0x3,wp_grp=0,wp_val=0,wp_mask=0xffffffffffffffff/|511918640|51.13||
     7.008513645|137191||arm_cmn_0/watchpoint_up,bynodeid=1,nodeid=0x1e0,wp_dev_sel=0x0,wp_chn_sel=0x3,wp_grp=0,wp_val=0,wp_mask=0xffffffffffffffff/|511913040|51.13||
     7.008513645|74441||arm_cmn_0/watchpoint_down,bynodeid=1,nodeid=0x8,wp_dev_sel=0x0,wp_chn_sel=0x3,wp_grp=0,wp_val=0,wp_mask=0xffffffffffffffff/|509288880|50.87||
     7.008513645|73319||arm_cmn_0/watchpoint_down,bynodeid=1,nodeid=0x10,wp_dev_sel=0x0,wp_chn_sel=0x3,wp_grp=0,wp_val=0,wp_mask=0xffffffffffffffff/|505282840|50.47||
     7.008513645|69304||arm_cmn_0/watchpoint_down,bynodeid=1,nodeid=0x18,wp_dev_sel=0x0,wp_chn_sel=0x3,wp_grp=0,wp_val=0,wp_mask=0xffffffffffffffff/|501293760|50.07||
     7.008513645|68747||arm_cmn_0/watchpoint_down,bynodeid=1,nodeid=0x20,wp_dev_sel=0x0,wp_chn_sel=0x3,wp_grp=0,wp_val=0,wp_mask=0xffffffffffffffff/|497303000|49.67||
     7.008513645|67363||arm_cmn_0/watchpoint_down,bynodeid=1,nodeid=0x1c8,wp_dev_sel=0x0,wp_chn_sel=0x3,wp_grp=0,wp_val=0,wp_mask=0xffffffffffffffff/|493294960|49.27||
     7.008513645|62675||arm_cmn_0/watchpoint_down,bynodeid=1,nodeid=0x1d0,wp_dev_sel=0x0,wp_chn_sel=0x3,wp_grp=0,wp_val=0,wp_mask=0xffffffffffffffff/|489299320|48.88||
     7.008513645|61194||arm_cmn_0/watchpoint_down,bynodeid=1,nodeid=0x1d8,wp_dev_sel=0x0,wp_chn_sel=0x3,wp_grp=0,wp_val=0,wp_mask=0xffffffffffffffff/|489199200|48.87||
     7.008513645|71090||arm_cmn_0/watchpoint_down,bynodeid=1,nodeid=0x1e0,wp_dev_sel=0x0,wp_chn_sel=0x3,wp_grp=0,wp_val=0,wp_mask=0xffffffffffffffff/|489204680|48.87||
     7.008513645|6582||arm_cmn_1/watchpoint_up,bynodeid=1,nodeid=0x8,wp_dev_sel=0x0,wp_chn_sel=0x3,wp_grp=0,wp_val=0,wp_mask=0xffffffffffffffff/|491824560|49.13||
     7.008513645|7139||arm_cmn_1/watchpoint_up,bynodeid=1,nodeid=0x10,wp_dev_sel=0x0,wp_chn_sel=0x3,wp_grp=0,wp_val=0,wp_mask=0xffffffffffffffff/|495830080|49.53||
     7.008513645|5768||arm_cmn_1/watchpoint_up,bynodeid=1,nodeid=0x18,wp_dev_sel=0x0,wp_chn_sel=0x3,wp_grp=0,wp_val=0,wp_mask=0xffffffffffffffff/|499821440|49.93||
     7.008513645|6120||arm_cmn_1/watchpoint_up,bynodeid=1,nodeid=0x20,wp_dev_sel=0x0,wp_chn_sel=0x3,wp_grp=0,wp_val=0,wp_mask=0xffffffffffffffff/|503807600|50.32||
     7.008513645|11173||arm_cmn_1/watchpoint_up,bynodeid=1,nodeid=0x1c8,wp_dev_sel=0x0,wp_chn_sel=0x3,wp_grp=0,wp_val=0,wp_mask=0xffffffffffffffff/|507816200|50.73||
     7.008513645|13582||arm_cmn_1/watchpoint_up,bynodeid=1,nodeid=0x1d0,wp_dev_sel=0x0,wp_chn_sel=0x3,wp_grp=0,wp_val=0,wp_mask=0xffffffffffffffff/|511811600|51.12||
     7.008513645|9907||arm_cmn_1/watchpoint_up,bynodeid=1,nodeid=0x1d8,wp_dev_sel=0x0,wp_chn_sel=0x3,wp_grp=0,wp_val=0,wp_mask=0xffffffffffffffff/|511915200|51.13||
     7.008513645|7744||arm_cmn_1/watchpoint_up,bynodeid=1,nodeid=0x1e0,wp_dev_sel=0x0,wp_chn_sel=0x3,wp_grp=0,wp_val=0,wp_mask=0xffffffffffffffff/|511912440|51.13||
     7.008513645|34064||arm_cmn_1/watchpoint_down,bynodeid=1,nodeid=0x8,wp_dev_sel=0x0,wp_chn_sel=0x3,wp_grp=0,wp_val=0,wp_mask=0xffffffffffffffff/|509301720|50.87||
     7.008513645|32056||arm_cmn_1/watchpoint_down,bynodeid=1,nodeid=0x10,wp_dev_sel=0x0,wp_chn_sel=0x3,wp_grp=0,wp_val=0,wp_mask=0xffffffffffffffff/|505295880|50.47||
     7.008513645|32064||arm_cmn_1/watchpoint_down,bynodeid=1,nodeid=0x18,wp_dev_sel=0x0,wp_chn_sel=0x3,wp_grp=0,wp_val=0,wp_mask=0xffffffffffffffff/|501304440|50.07||
     7.008513645|32043||arm_cmn_1/watchpoint_down,bynodeid=1,nodeid=0x20,wp_dev_sel=0x0,wp_chn_sel=0x3,wp_grp=0,wp_val=0,wp_mask=0xffffffffffffffff/|497318400|49.68||
     7.008513645|32072||arm_cmn_1/watchpoint_down,bynodeid=1,nodeid=0x1c8,wp_dev_sel=0x0,wp_chn_sel=0x3,wp_grp=0,wp_val=0,wp_mask=0xffffffffffffffff/|493309840|49.28||
     7.008513645|32060||arm_cmn_1/watchpoint_down,bynodeid=1,nodeid=0x1d0,wp_dev_sel=0x0,wp_chn_sel=0x3,wp_grp=0,wp_val=0,wp_mask=0xffffffffffffffff/|489314320|48.88||
     7.008513645|32071||arm_cmn_1/watchpoint_down,bynodeid=1,nodeid=0x1d8,wp_dev_sel=0x0,wp_chn_sel=0x3,wp_grp=0,wp_val=0,wp_mask=0xffffffffffffffff/|489201240|48.87||
     7.008513645|32046||arm_cmn_1/watchpoint_down,bynodeid=1,nodeid=0x1e0,wp_dev_sel=0x0,wp_chn_sel=0x3,wp_grp=0,wp_val=0,wp_mask=0xffffffffffffffff/|489203960|48.87||
     8.009830851|50562||arm_cmn_0/watchpoint_up,bynodeid=1,nodeid=0x8,wp_dev_sel=0x0,wp_chn_sel=0x3,wp_grp=0,wp_val=0,wp_mask=0xffffffffffffffff/|511921640|51.13||
     8.009830851|48458||arm_cmn_0/watchpoint_up,bynodeid=1,nodeid=0x10,wp_dev_sel=0x0,wp_chn_sel=0x3,wp_grp=0,wp_val=0,wp_mask=0xffffffffffffffff/|511920240|51.13||
     8.009830851|35901||arm_cmn_0/watchpoint_up,bynodeid=1,nodeid=0x18,wp_dev_sel=0x0,wp_chn_sel=0x3,wp_grp=0,wp_val=0,wp_mask=0xffffffffffffffff/|510600360|51.00||
     8.009830851|36247||arm_cmn_0/watchpoint_up,bynodeid=1,nodeid=0x20,wp_dev_sel=0x0,wp_chn_sel=0x3,wp_grp=0,wp_val=0,wp_mask=0xffffffffffffffff/|506604400|50.60||
     8.009830851|33189||arm_cmn_0/watchpoint_up,bynodeid=1,nodeid=0x1c8,wp_dev_sel=0x0,wp_chn_sel=0x3,wp_grp=0,wp_val=0,wp_mask=0xffffffffffffffff/|502603200|50.20||
     8.009830851|31102||arm_cmn_0/watchpoint_up,bynodeid=1,nodeid=0x1d0,wp_dev_sel=0x0,wp_chn_sel=0x3,wp_grp=0,wp_val=0,wp_mask=0xffffffffffffffff/|498608120|49.80||
     8.009830851|15023||arm_cmn_0/watchpoint_up,bynodeid=1,nodeid=0x1d8,wp_dev_sel=0x0,wp_chn_sel=0x3,wp_grp=0,wp_val=0,wp_mask=0xffffffffffffffff/|494610440|49.40||
     8.009830851|15125||arm_cmn_0/watchpoint_up,bynodeid=1,nodeid=0x1e0,wp_dev_sel=0x0,wp_chn_sel=0x3,wp_grp=0,wp_val=0,wp_mask=0xffffffffffffffff/|490607240|49.00||
     8.009830851|39887||arm_cmn_0/watchpoint_down,bynodeid=1,nodeid=0x8,wp_dev_sel=0x0,wp_chn_sel=0x3,wp_grp=0,wp_val=0,wp_mask=0xffffffffffffffff/|489239920|48.87||
     8.009830851|40571||arm_cmn_0/watchpoint_down,bynodeid=1,nodeid=0x10,wp_dev_sel=0x0,wp_chn_sel=0x3,wp_grp=0,wp_val=0,wp_mask=0xffffffffffffffff/|489240800|48.87||
     8.009830851|41715||arm_cmn_0/watchpoint_down,bynodeid=1,nodeid=0x18,wp_dev_sel=0x0,wp_chn_sel=0x3,wp_grp=0,wp_val=0,wp_mask=0xffffffffffffffff/|490548800|49.00||
     8.009830851|43959||arm_cmn_0/watchpoint_down,bynodeid=1,nodeid=0x20,wp_dev_sel=0x0,wp_chn_sel=0x3,wp_grp=0,wp_val=0,wp_mask=0xffffffffffffffff/|494545040|49.40||
     8.009830851|42641||arm_cmn_0/watchpoint_down,bynodeid=1,nodeid=0x1c8,wp_dev_sel=0x0,wp_chn_sel=0x3,wp_grp=0,wp_val=0,wp_mask=0xffffffffffffffff/|498546240|49.80||
     8.009830851|41822||arm_cmn_0/watchpoint_down,bynodeid=1,nodeid=0x1d0,wp_dev_sel=0x0,wp_chn_sel=0x3,wp_grp=0,wp_val=0,wp_mask=0xffffffffffffffff/|502541360|50.20||
     8.009830851|43988||arm_cmn_0/watchpoint_down,bynodeid=1,nodeid=0x1d8,wp_dev_sel=0x0,wp_chn_sel=0x3,wp_grp=0,wp_val=0,wp_mask=0xffffffffffffffff/|506539320|50.60||
     8.009830851|43623||arm_cmn_0/watchpoint_down,bynodeid=1,nodeid=0x1e0,wp_dev_sel=0x0,wp_chn_sel=0x3,wp_grp=0,wp_val=0,wp_mask=0xffffffffffffffff/|510542680|51.00||
     8.009830851|5546||arm_cmn_1/watchpoint_up,bynodeid=1,nodeid=0x8,wp_dev_sel=0x0,wp_chn_sel=0x3,wp_grp=0,wp_val=0,wp_mask=0xffffffffffffffff/|511917520|51.13||
     8.009830851|4936||arm_cmn_1/watchpoint_up,bynodeid=1,nodeid=0x10,wp_dev_sel=0x0,wp_chn_sel=0x3,wp_grp=0,wp_val=0,wp_mask=0xffffffffffffffff/|511919800|51.13||
     8.009830851|3419||arm_cmn_1/watchpoint_up,bynodeid=1,nodeid=0x18,wp_dev_sel=0x0,wp_chn_sel=0x3,wp_grp=0,wp_val=0,wp_mask=0xffffffffffffffff/|510611400|51.00||
     8.009830851|3335||arm_cmn_1/watchpoint_up,bynodeid=1,nodeid=0x20,wp_dev_sel=0x0,wp_chn_sel=0x3,wp_grp=0,wp_val=0,wp_mask=0xffffffffffffffff/|506619280|50.60||
     8.009830851|6501||arm_cmn_1/watchpoint_up,bynodeid=1,nodeid=0x1c8,wp_dev_sel=0x0,wp_chn_sel=0x3,wp_grp=0,wp_val=0,wp_mask=0xffffffffffffffff/|502615720|50.20||
     8.009830851|7449||arm_cmn_1/watchpoint_up,bynodeid=1,nodeid=0x1d0,wp_dev_sel=0x0,wp_chn_sel=0x3,wp_grp=0,wp_val=0,wp_mask=0xffffffffffffffff/|498625600|49.80||
     8.009830851|5902||arm_cmn_1/watchpoint_up,bynodeid=1,nodeid=0x1d8,wp_dev_sel=0x0,wp_chn_sel=0x3,wp_grp=0,wp_val=0,wp_mask=0xffffffffffffffff/|494625520|49.40||
     8.009830851|4330||arm_cmn_1/watchpoint_up,bynodeid=1,nodeid=0x1e0,wp_dev_sel=0x0,wp_chn_sel=0x3,wp_grp=0,wp_val=0,wp_mask=0xffffffffffffffff/|490624320|49.01||
     8.009830851|34100||arm_cmn_1/watchpoint_down,bynodeid=1,nodeid=0x8,wp_dev_sel=0x0,wp_chn_sel=0x3,wp_grp=0,wp_val=0,wp_mask=0xffffffffffffffff/|489250280|48.87||
     8.009830851|32160||arm_cmn_1/watchpoint_down,bynodeid=1,nodeid=0x10,wp_dev_sel=0x0,wp_chn_sel=0x3,wp_grp=0,wp_val=0,wp_mask=0xffffffffffffffff/|489247920|48.87||
     8.009830851|32112||arm_cmn_1/watchpoint_down,bynodeid=1,nodeid=0x18,wp_dev_sel=0x0,wp_chn_sel=0x3,wp_grp=0,wp_val=0,wp_mask=0xffffffffffffffff/|490537000|49.00||
     8.009830851|32116||arm_cmn_1/watchpoint_down,bynodeid=1,nodeid=0x20,wp_dev_sel=0x0,wp_chn_sel=0x3,wp_grp=0,wp_val=0,wp_mask=0xffffffffffffffff/|494529040|49.40||
     8.009830851|32115||arm_cmn_1/watchpoint_down,bynodeid=1,nodeid=0x1c8,wp_dev_sel=0x0,wp_chn_sel=0x3,wp_grp=0,wp_val=0,wp_mask=0xffffffffffffffff/|498532640|49.80||
     8.009830851|32095||arm_cmn_1/watchpoint_down,bynodeid=1,nodeid=0x1d0,wp_dev_sel=0x0,wp_chn_sel=0x3,wp_grp=0,wp_val=0,wp_mask=0xffffffffffffffff/|502522880|50.19||
     8.009830851|32126||arm_cmn_1/watchpoint_down,bynodeid=1,nodeid=0x1d8,wp_dev_sel=0x0,wp_chn_sel=0x3,wp_grp=0,wp_val=0,wp_mask=0xffffffffffffffff/|506523800|50.59||
     8.009830851|32106||arm_cmn_1/watchpoint_down,bynodeid=1,nodeid=0x1e0,wp_dev_sel=0x0,wp_chn_sel=0x3,wp_grp=0,wp_val=0,wp_mask=0xffffffffffffffff/|510525440|50.99||
     9.011102179|24008||arm_cmn_0/watchpoint_up,bynodeid=1,nodeid=0x8,wp_dev_sel=0x0,wp_chn_sel=0x3,wp_grp=0,wp_val=0,wp_mask=0xffffffffffffffff/|495875640|49.53||
     9.011102179|18382||arm_cmn_0/watchpoint_up,bynodeid=1,nodeid=0x10,wp_dev_sel=0x0,wp_chn_sel=0x3,wp_grp=0,wp_val=0,wp_mask=0xffffffffffffffff/|491873920|49.13||
     9.011102179|17988||arm_cmn_0/watchpoint_up,bynodeid=1,nodeid=0x18,wp_dev_sel=0x0,wp_chn_sel=0x3,wp_grp=0,wp_val=0,wp_mask=0xffffffffffffffff/|489195040|48.86||
     9.011102179|21827||arm_cmn_0/watchpoint_up,bynodeid=1,nodeid=0x20,wp_dev_sel=0x0,wp_chn_sel=0x3,wp_grp=0,wp_val=0,wp_mask=0xffffffffffffffff/|489198400|48.87||
     9.011102179|22419||arm_cmn_0/watchpoint_up,bynodeid=1,nodeid=0x1c8,wp_dev_sel=0x0,wp_chn_sel=0x3,wp_grp=0,wp_val=0,wp_mask=0xffffffffffffffff/|489237920|48.87||
     9.011102179|20921||arm_cmn_0/watchpoint_up,bynodeid=1,nodeid=0x1d0,wp_dev_sel=0x0,wp_chn_sel=0x3,wp_grp=0,wp_val=0,wp_mask=0xffffffffffffffff/|493240360|49.27||
     9.011102179|24401||arm_cmn_0/watchpoint_up,bynodeid=1,nodeid=0x1d8,wp_dev_sel=0x0,wp_chn_sel=0x3,wp_grp=0,wp_val=0,wp_mask=0xffffffffffffffff/|497237480|49.67||
     9.011102179|24143||arm_cmn_0/watchpoint_up,bynodeid=1,nodeid=0x1e0,wp_dev_sel=0x0,wp_chn_sel=0x3,wp_grp=0,wp_val=0,wp_mask=0xffffffffffffffff/|501238600|50.07||
     9.011102179|39487||arm_cmn_0/watchpoint_down,bynodeid=1,nodeid=0x8,wp_dev_sel=0x0,wp_chn_sel=0x3,wp_grp=0,wp_val=0,wp_mask=0xffffffffffffffff/|505229520|50.47||
     9.011102179|40071||arm_cmn_0/watchpoint_down,bynodeid=1,nodeid=0x10,wp_dev_sel=0x0,wp_chn_sel=0x3,wp_grp=0,wp_val=0,wp_mask=0xffffffffffffffff/|509232040|50.87||
     9.011102179|39452||arm_cmn_0/watchpoint_down,bynodeid=1,nodeid=0x18,wp_dev_sel=0x0,wp_chn_sel=0x3,wp_grp=0,wp_val=0,wp_mask=0xffffffffffffffff/|511921840|51.14||
     9.011102179|41218||arm_cmn_0/watchpoint_down,bynodeid=1,nodeid=0x20,wp_dev_sel=0x0,wp_chn_sel=0x3,wp_grp=0,wp_val=0,wp_mask=0xffffffffffffffff/|511918240|51.13||
     9.011102179|39104||arm_cmn_0/watchpoint_down,bynodeid=1,nodeid=0x1c8,wp_dev_sel=0x0,wp_chn_sel=0x3,wp_grp=0,wp_val=0,wp_mask=0xffffffffffffffff/|511886920|51.13||
     9.011102179|38240||arm_cmn_0/watchpoint_down,bynodeid=1,nodeid=0x1d0,wp_dev_sel=0x0,wp_chn_sel=0x3,wp_grp=0,wp_val=0,wp_mask=0xffffffffffffffff/|507884440|50.73||
     9.011102179|37691||arm_cmn_0/watchpoint_down,bynodeid=1,nodeid=0x1d8,wp_dev_sel=0x0,wp_chn_sel=0x3,wp_grp=0,wp_val=0,wp_mask=0xffffffffffffffff/|503887080|50.33||
     9.011102179|37245||arm_cmn_0/watchpoint_down,bynodeid=1,nodeid=0x1e0,wp_dev_sel=0x0,wp_chn_sel=0x3,wp_grp=0,wp_val=0,wp_mask=0xffffffffffffffff/|499885880|49.93||
     9.011102179|3791||arm_cmn_1/watchpoint_up,bynodeid=1,nodeid=0x8,wp_dev_sel=0x0,wp_chn_sel=0x3,wp_grp=0,wp_val=0,wp_mask=0xffffffffffffffff/|495889880|49.53||
     9.011102179|3606||arm_cmn_1/watchpoint_up,bynodeid=1,nodeid=0x10,wp_dev_sel=0x0,wp_chn_sel=0x3,wp_grp=0,wp_val=0,wp_mask=0xffffffffffffffff/|491883920|49.13||
     9.011102179|3839||arm_cmn_1/watchpoint_up,bynodeid=1,nodeid=0x18,wp_dev_sel=0x0,wp_chn_sel=0x3,wp_grp=0,wp_val=0,wp_mask=0xffffffffffffffff/|489200240|48.87||
     9.011102179|3732||arm_cmn_1/watchpoint_up,bynodeid=1,nodeid=0x20,wp_dev_sel=0x0,wp_chn_sel=0x3,wp_grp=0,wp_val=0,wp_mask=0xffffffffffffffff/|489200040|48.87||
     9.011102179|7223||arm_cmn_1/watchpoint_up,bynodeid=1,nodeid=0x1c8,wp_dev_sel=0x0,wp_chn_sel=0x3,wp_grp=0,wp_val=0,wp_mask=0xffffffffffffffff/|489224400|48.87||
     9.011102179|7603||arm_cmn_1/watchpoint_up,bynodeid=1,nodeid=0x1d0,wp_dev_sel=0x0,wp_chn_sel=0x3,wp_grp=0,wp_val=0,wp_mask=0xffffffffffffffff/|493226640|49.27||
     9.011102179|6249||arm_cmn_1/watchpoint_up,bynodeid=1,nodeid=0x1d8,wp_dev_sel=0x0,wp_chn_sel=0x3,wp_grp=0,wp_val=0,wp_mask=0xffffffffffffffff/|497221960|49.67||
     9.011102179|4577||arm_cmn_1/watchpoint_up,bynodeid=1,nodeid=0x1e0,wp_dev_sel=0x0,wp_chn_sel=0x3,wp_grp=0,wp_val=0,wp_mask=0xffffffffffffffff/|501221680|50.07||
     9.011102179|34118||arm_cmn_1/watchpoint_down,bynodeid=1,nodeid=0x8,wp_dev_sel=0x0,wp_chn_sel=0x3,wp_grp=0,wp_val=0,wp_mask=0xffffffffffffffff/|505208120|50.46||
     9.011102179|32069||arm_cmn_1/watchpoint_down,bynodeid=1,nodeid=0x10,wp_dev_sel=0x0,wp_chn_sel=0x3,wp_grp=0,wp_val=0,wp_mask=0xffffffffffffffff/|509214080|50.86||
     9.011102179|32060||arm_cmn_1/watchpoint_down,bynodeid=1,nodeid=0x18,wp_dev_sel=0x0,wp_chn_sel=0x3,wp_grp=0,wp_val=0,wp_mask=0xffffffffffffffff/|511917120|51.13||
     9.011102179|32056||arm_cmn_1/watchpoint_down,bynodeid=1,nodeid=0x20,wp_dev_sel=0x0,wp_chn_sel=0x3,wp_grp=0,wp_val=0,wp_mask=0xffffffffffffffff/|511917320|51.13||
     9.011102179|32057||arm_cmn_1/watchpoint_down,bynodeid=1,nodeid=0x1c8,wp_dev_sel=0x0,wp_chn_sel=0x3,wp_grp=0,wp_val=0,wp_mask=0xffffffffffffffff/|511902480|51.13||
     9.011102179|32085||arm_cmn_1/watchpoint_down,bynodeid=1,nodeid=0x1d0,wp_dev_sel=0x0,wp_chn_sel=0x3,wp_grp=0,wp_val=0,wp_mask=0xffffffffffffffff/|507900120|50.73||
     9.011102179|32069||arm_cmn_1/watchpoint_down,bynodeid=1,nodeid=0x1d8,wp_dev_sel=0x0,wp_chn_sel=0x3,wp_grp=0,wp_val=0,wp_mask=0xffffffffffffffff/|503904000|50.33||
     9.011102179|32065||arm_cmn_1/watchpoint_down,bynodeid=1,nodeid=0x1e0,wp_dev_sel=0x0,wp_chn_sel=0x3,wp_grp=0,wp_val=0,wp_mask=0xffffffffffffffff/|499903840|49.93||
    10.002370259|33683||arm_cmn_0/watchpoint_up,bynodeid=1,nodeid=0x8,wp_dev_sel=0x0,wp_chn_sel=0x3,wp_grp=0,wp_val=0,wp_mask=0xffffffffffffffff/|495977760|50.04||
    10.002370259|34607||arm_cmn_0/watchpoint_up,bynodeid=1,nodeid=0x10,wp_dev_sel=0x0,wp_chn_sel=0x3,wp_grp=0,wp_val=0,wp_mask=0xffffffffffffffff/|499973920|50.45||
    10.002370259|30510||arm_cmn_0/watchpoint_up,bynodeid=1,nodeid=0x18,wp_dev_sel=0x0,wp_chn_sel=0x3,wp_grp=0,wp_val=0,wp_mask=0xffffffffffffffff/|503964920|50.85||
    10.002370259|38535||arm_cmn_0/watchpoint_up,bynodeid=1,nodeid=0x20,wp_dev_sel=0x0,wp_chn_sel=0x3,wp_grp=0,wp_val=0,wp_mask=0xffffffffffffffff/|507967280|51.25||
    10.002370259|42324||arm_cmn_0/watchpoint_up,bynodeid=1,nodeid=0x1c8,wp_dev_sel=0x0,wp_chn_sel=0x3,wp_grp=0,wp_val=0,wp_mask=0xffffffffffffffff/|511150200|51.57||
    10.002370259|38083||arm_cmn_0/watchpoint_up,bynodeid=1,nodeid=0x1d0,wp_dev_sel=0x0,wp_chn_sel=0x3,wp_grp=0,wp_val=0,wp_mask=0xffffffffffffffff/|507145040|51.17||
    10.002370259|36721||arm_cmn_0/watchpoint_up,bynodeid=1,nodeid=0x1d8,wp_dev_sel=0x0,wp_chn_sel=0x3,wp_grp=0,wp_val=0,wp_mask=0xffffffffffffffff/|503152040|50.77||
    10.002370259|35967||arm_cmn_0/watchpoint_up,bynodeid=1,nodeid=0x1e0,wp_dev_sel=0x0,wp_chn_sel=0x3,wp_grp=0,wp_val=0,wp_mask=0xffffffffffffffff/|499149560|50.36||
    10.002370259|40363||arm_cmn_0/watchpoint_down,bynodeid=1,nodeid=0x8,wp_dev_sel=0x0,wp_chn_sel=0x3,wp_grp=0,wp_val=0,wp_mask=0xffffffffffffffff/|495153280|49.96||
    10.002370259|40366||arm_cmn_0/watchpoint_down,bynodeid=1,nodeid=0x10,wp_dev_sel=0x0,wp_chn_sel=0x3,wp_grp=0,wp_val=0,wp_mask=0xffffffffffffffff/|491156360|49.56||
    10.002370259|40412||arm_cmn_0/watchpoint_down,bynodeid=1,nodeid=0x18,wp_dev_sel=0x0,wp_chn_sel=0x3,wp_grp=0,wp_val=0,wp_mask=0xffffffffffffffff/|487165360|49.15||
    10.002370259|41859||arm_cmn_0/watchpoint_down,bynodeid=1,nodeid=0x20,wp_dev_sel=0x0,wp_chn_sel=0x3,wp_grp=0,wp_val=0,wp_mask=0xffffffffffffffff/|483163000|48.75||
    10.002370259|39278||arm_cmn_0/watchpoint_down,bynodeid=1,nodeid=0x1c8,wp_dev_sel=0x0,wp_chn_sel=0x3,wp_grp=0,wp_val=0,wp_mask=0xffffffffffffffff/|479961120|48.43||
    10.002370259|39985||arm_cmn_0/watchpoint_down,bynodeid=1,nodeid=0x1d0,wp_dev_sel=0x0,wp_chn_sel=0x3,wp_grp=0,wp_val=0,wp_mask=0xffffffffffffffff/|483966640|48.83||
    10.002370259|40525||arm_cmn_0/watchpoint_down,bynodeid=1,nodeid=0x1d8,wp_dev_sel=0x0,wp_chn_sel=0x3,wp_grp=0,wp_val=0,wp_mask=0xffffffffffffffff/|487959640|49.23||
    10.002370259|40768||arm_cmn_0/watchpoint_down,bynodeid=1,nodeid=0x1e0,wp_dev_sel=0x0,wp_chn_sel=0x3,wp_grp=0,wp_val=0,wp_mask=0xffffffffffffffff/|491962120|49.64||
    10.002370259|4728||arm_cmn_1/watchpoint_up,bynodeid=1,nodeid=0x8,wp_dev_sel=0x0,wp_chn_sel=0x3,wp_grp=0,wp_val=0,wp_mask=0xffffffffffffffff/|495966440|50.04||
    10.002370259|4258||arm_cmn_1/watchpoint_up,bynodeid=1,nodeid=0x10,wp_dev_sel=0x0,wp_chn_sel=0x3,wp_grp=0,wp_val=0,wp_mask=0xffffffffffffffff/|499959000|50.44||
    10.002370259|2902||arm_cmn_1/watchpoint_up,bynodeid=1,nodeid=0x18,wp_dev_sel=0x0,wp_chn_sel=0x3,wp_grp=0,wp_val=0,wp_mask=0xffffffffffffffff/|503953600|50.85||
    10.002370259|3067||arm_cmn_1/watchpoint_up,bynodeid=1,nodeid=0x20,wp_dev_sel=0x0,wp_chn_sel=0x3,wp_grp=0,wp_val=0,wp_mask=0xffffffffffffffff/|507954280|51.25||
    10.002370259|6697||arm_cmn_1/watchpoint_up,bynodeid=1,nodeid=0x1c8,wp_dev_sel=0x0,wp_chn_sel=0x3,wp_grp=0,wp_val=0,wp_mask=0xffffffffffffffff/|511158640|51.57||
    10.002370259|5819||arm_cmn_1/watchpoint_up,bynodeid=1,nodeid=0x1d0,wp_dev_sel=0x0,wp_chn_sel=0x3,wp_grp=0,wp_val=0,wp_mask=0xffffffffffffffff/|507154680|51.17||
    10.002370259|5093||arm_cmn_1/watchpoint_up,bynodeid=1,nodeid=0x1d8,wp_dev_sel=0x0,wp_chn_sel=0x3,wp_grp=0,wp_val=0,wp_mask=0xffffffffffffffff/|503165720|50.77||
    10.002370259|3756||arm_cmn_1/watchpoint_up,bynodeid=1,nodeid=0x1e0,wp_dev_sel=0x0,wp_chn_sel=0x3,wp_grp=0,wp_val=0,wp_mask=0xffffffffffffffff/|499165240|50.36||
    10.002370259|32187||arm_cmn_1/watchpoint_down,bynodeid=1,nodeid=0x8,wp_dev_sel=0x0,wp_chn_sel=0x3,wp_grp=0,wp_val=0,wp_mask=0xffffffffffffffff/|495170440|49.96||
    10.002370259|30709||arm_cmn_1/watchpoint_down,bynodeid=1,nodeid=0x10,wp_dev_sel=0x0,wp_chn_sel=0x3,wp_grp=0,wp_val=0,wp_mask=0xffffffffffffffff/|491177880|49.56||
    10.002370259|30644||arm_cmn_1/watchpoint_down,bynodeid=1,nodeid=0x18,wp_dev_sel=0x0,wp_chn_sel=0x3,wp_grp=0,wp_val=0,wp_mask=0xffffffffffffffff/|487183320|49.15||
    10.002370259|30383||arm_cmn_1/watchpoint_down,bynodeid=1,nodeid=0x20,wp_dev_sel=0x0,wp_chn_sel=0x3,wp_grp=0,wp_val=0,wp_mask=0xffffffffffffffff/|483183080|48.75||
    10.002370259|30220||arm_cmn_1/watchpoint_down,bynodeid=1,nodeid=0x1c8,wp_dev_sel=0x0,wp_chn_sel=0x3,wp_grp=0,wp_val=0,wp_mask=0xffffffffffffffff/|479948000|48.42||
    10.002370259|29857||arm_cmn_1/watchpoint_down,bynodeid=1,nodeid=0x1d0,wp_dev_sel=0x0,wp_chn_sel=0x3,wp_grp=0,wp_val=0,wp_mask=0xffffffffffffffff/|483952480|48.83||
    10.002370259|29678||arm_cmn_1/watchpoint_down,bynodeid=1,nodeid=0x1d8,wp_dev_sel=0x0,wp_chn_sel=0x3,wp_grp=0,wp_val=0,wp_mask=0xffffffffffffffff/|487942280|49.23||
    10.002370259|29559||arm_cmn_1/watchpoint_down,bynodeid=1,nodeid=0x1e0,wp_dev_sel=0x0,wp_chn_sel=0x3,wp_grp=0,wp_val=0,wp_mask=0xffffffffffffffff/|491944040|49.63||
